"childid","schoolid","classid","sex","minority","mathkind","mathgain","ses"
"1","1","160","F","Mnrt=Yes",448,32,0.46
"2","1","160","M","Mnrt=Yes",460,109,-0.27
"3","1","160","F","Mnrt=Yes",511,56,-0.03
"4","1","217","M","Mnrt=Yes",449,83,-0.38
"5","1","217","M","Mnrt=Yes",425,53,-0.03
"6","1","217","F","Mnrt=Yes",450,65,0.76
"7","1","217","M","Mnrt=Yes",452,51,-0.03
"8","1","217","M","Mnrt=Yes",443,66,0.2
"9","1","217","F","Mnrt=Yes",422,88,0.64
"10","1","217","M","Mnrt=Yes",480,-7,0.13
"11","1","217","M","Mnrt=Yes",502,60,0.83
"12","2","197","F","Mnrt=Yes",502,-2,0.06
"13","2","197","M","Mnrt=No",430,101,0.3
"14","2","211","M","Mnrt=No",526,30,-0.27
"15","2","211","M","Mnrt=No",504,65,0.74
"16","2","211","F","Mnrt=No",527,29,0.31
"17","2","211","F","Mnrt=No",462,152,1.1
"18","2","307","M","Mnrt=No",483,50,0.52
"19","2","307","F","Mnrt=Yes",516,60,-1.15
"20","2","307","M","Mnrt=Yes",476,74,0
"21","2","307","M","Mnrt=Yes",453,91,0.39
"22","3","11","M","Mnrt=No",494,68,-0.06
"23","3","11","M","Mnrt=No",416,94,-0.26
"24","3","11","M","Mnrt=No",456,120,0.64
"25","3","11","F","Mnrt=No",445,58,-0.37
"26","3","137","M","Mnrt=No",446,123,0.54
"27","3","137","F","Mnrt=No",479,88,2.21
"28","3","145","M","Mnrt=Yes",474,60,-0.43
"29","3","145","M","Mnrt=No",453,152,0.41
"30","3","145","M","Mnrt=No",494,96,0.06
"31","3","145","F","Mnrt=No",529,57,-0.09
"32","3","145","M","Mnrt=Yes",461,115,1.58
"33","3","228","M","Mnrt=No",482,58,0.12
"34","3","228","M","Mnrt=No",475,51,-0.35
"35","3","228","M","Mnrt=No",464,104,0.9
"36","4","48","F","Mnrt=Yes",496,65,-1.03
"37","4","48","F","Mnrt=Yes",443,64,-0.8
"38","4","48","M","Mnrt=Yes",455,59,1.04
"39","4","48","M","Mnrt=Yes",447,70,-0.3
"40","4","179","F","Mnrt=Yes",501,63,0.9
"41","4","179","M","Mnrt=Yes",434,-110,-0.37
"42","5","299","F","Mnrt=Yes",462,73,-0.03
"43","5","299","M","Mnrt=Yes",444,100,-0.03
"44","5","299","F","Mnrt=Yes",472,-9,-1.39
"45","5","299","F","Mnrt=Yes",450,67,-1.25
"46","5","299","M","Mnrt=Yes",463,58,-0.28
"47","5","299","F","Mnrt=Yes",381,72,0.41
"48","6","254","F","Mnrt=Yes",447,88,0.01
"49","6","254","M","Mnrt=No",504,115,-0.31
"50","6","286","M","Mnrt=Yes",483,62,-1.43
"51","6","286","F","Mnrt=No",459,42,-0.73
"52","6","286","M","Mnrt=No",472,88,1.31
"53","6","286","F","Mnrt=No",475,71,0.09
"54","6","286","M","Mnrt=Yes",468,74,0.35
"55","6","286","M","Mnrt=No",467,67,-0.02
"56","6","291","F","Mnrt=Yes",418,74,0.79
"57","6","291","F","Mnrt=Yes",415,87,-0.69
"58","6","291","M","Mnrt=Yes",444,83,-0.44
"59","6","291","M","Mnrt=Yes",433,93,0.29
"60","7","89","M","Mnrt=No",427,56,-1.3
"61","7","89","F","Mnrt=No",428,40,-0.32
"62","7","89","F","Mnrt=No",429,69,0.57
"63","7","107","F","Mnrt=No",497,75,-0.03
"64","7","107","F","Mnrt=Yes",422,57,0.94
"65","7","107","F","Mnrt=Yes",487,23,-1.02
"66","7","107","M","Mnrt=Yes",435,53,-0.88
"67","7","162","F","Mnrt=No",411,114,-0.78
"68","7","162","F","Mnrt=No",396,56,-0.98
"69","7","280","M","Mnrt=No",462,55,1.41
"70","7","280","F","Mnrt=No",463,28,-0.35
"71","7","280","M","Mnrt=Yes",444,61,-1.15
"72","7","280","F","Mnrt=No",451,59,-0.46
"73","7","280","F","Mnrt=No",437,57,-0.21
"74","8","147","M","Mnrt=Yes",484,85,0.62
"75","8","147","M","Mnrt=Yes",488,28,0.18
"76","8","147","F","Mnrt=Yes",475,166,-0.14
"77","8","147","M","Mnrt=Yes",544,61,1.11
"78","8","147","F","Mnrt=Yes",467,47,-0.79
"79","8","265","F","Mnrt=Yes",509,62,0.86
"80","8","265","F","Mnrt=Yes",489,35,-0.11
"81","8","265","F","Mnrt=Yes",448,52,0.15
"82","8","265","M","Mnrt=Yes",516,70,0.28
"83","8","279","M","Mnrt=Yes",489,11,-1.37
"84","8","279","M","Mnrt=Yes",519,37,1.34
"85","8","279","M","Mnrt=No",517,36,-0.16
"86","8","279","F","Mnrt=Yes",552,13,0.69
"87","8","279","M","Mnrt=No",475,6,0.2
"88","8","279","F","Mnrt=Yes",535,21,0.39
"89","8","279","F","Mnrt=Yes",472,26,1.34
"90","9","17","F","Mnrt=Yes",497,22,-0.11
"91","9","17","M","Mnrt=Yes",542,26,-0.03
"92","9","17","M","Mnrt=Yes",422,74,1
"93","9","58","F","Mnrt=Yes",482,41,-0.03
"94","9","283","M","Mnrt=Yes",459,13,0
"95","9","283","F","Mnrt=Yes",450,33,-1.45
"96","10","178","M","Mnrt=Yes",376,102,-0.3
"97","10","178","F","Mnrt=Yes",460,72,-0.38
"98","10","208","F","Mnrt=Yes",473,44,-0.82
"99","10","208","M","Mnrt=Yes",428,78,-0.97
"100","10","208","M","Mnrt=Yes",437,48,-0.94
"101","10","208","M","Mnrt=Yes",436,90,-1.27
"102","10","278","F","Mnrt=Yes",449,78,-1.09
"103","10","278","M","Mnrt=Yes",477,107,0.19
"104","10","278","F","Mnrt=Yes",477,67,-0.1
"105","10","278","F","Mnrt=Yes",410,75,-0.21
"106","10","278","M","Mnrt=Yes",439,69,0.15
"107","10","278","M","Mnrt=Yes",463,51,1.7
"108","10","278","F","Mnrt=Yes",456,70,-0.58
"109","10","278","M","Mnrt=Yes",433,103,-1
"110","10","303","M","Mnrt=Yes",433,90,-0.45
"111","10","303","M","Mnrt=Yes",427,85,-0.37
"112","10","303","F","Mnrt=Yes",444,55,-1.21
"113","10","303","F","Mnrt=Yes",426,65,-1.45
"114","11","86","F","Mnrt=No",526,44,0.83
"115","11","86","M","Mnrt=Yes",494,66,1.42
"116","11","86","M","Mnrt=No",494,58,2.15
"117","11","86","F","Mnrt=No",479,90,0.56
"118","11","86","F","Mnrt=No",538,35,-0.66
"119","11","113","F","Mnrt=No",484,84,0.9
"120","11","113","M","Mnrt=No",576,8,-0.07
"121","11","113","F","Mnrt=No",485,58,0.4
"122","11","131","M","Mnrt=No",535,22,1.31
"123","11","131","F","Mnrt=No",467,77,-0.27
"124","11","172","M","Mnrt=No",505,25,-0.01
"125","11","172","F","Mnrt=No",480,22,0.27
"126","11","172","F","Mnrt=No",629,-35,0.07
"127","11","172","F","Mnrt=No",488,38,0.94
"128","11","195","F","Mnrt=Yes",509,28,0.63
"129","11","195","F","Mnrt=No",493,77,0.41
"130","11","195","M","Mnrt=No",470,69,-0.32
"131","11","195","M","Mnrt=No",529,62,2.06
"132","11","201","F","Mnrt=No",468,38,-0.02
"133","11","201","F","Mnrt=Yes",514,18,0.03
"134","11","201","F","Mnrt=No",465,67,0.21
"135","11","201","F","Mnrt=No",511,20,1.06
"136","11","201","M","Mnrt=Yes",461,42,-1.17
"137","11","233","M","Mnrt=No",496,54,0.71
"138","11","285","F","Mnrt=No",499,111,0.61
"139","11","285","F","Mnrt=No",454,68,-0.34
"140","11","285","F","Mnrt=No",527,38,0.1
"141","11","293","F","Mnrt=No",516,51,0.8
"142","11","293","M","Mnrt=Yes",434,94,-0.77
"143","11","293","F","Mnrt=No",499,39,1.32
"144","11","293","M","Mnrt=No",469,96,0.03
"145","12","20","M","Mnrt=Yes",424,36,-0.03
"146","12","20","M","Mnrt=Yes",485,58,-0.03
"147","12","20","F","Mnrt=Yes",463,53,0.59
"148","12","49","M","Mnrt=Yes",427,63,0.45
"149","12","49","M","Mnrt=Yes",401,74,-0.22
"150","12","49","F","Mnrt=Yes",486,23,0.61
"151","12","49","F","Mnrt=Yes",522,12,-0.03
"152","12","49","M","Mnrt=Yes",450,53,-0.03
"153","12","49","M","Mnrt=Yes",408,104,-0.03
"154","12","81","M","Mnrt=Yes",493,27,1.12
"155","12","81","F","Mnrt=Yes",417,46,-0.03
"156","12","81","M","Mnrt=Yes",428,95,-0.03
"157","12","81","F","Mnrt=Yes",453,50,-0.6
"158","12","81","F","Mnrt=Yes",435,84,-0.03
"159","12","81","F","Mnrt=Yes",450,40,-0.6
"160","12","81","F","Mnrt=Yes",464,59,-0.03
"161","12","81","F","Mnrt=Yes",433,91,-0.42
"162","12","251","M","Mnrt=Yes",429,111,0.73
"163","12","251","F","Mnrt=Yes",497,41,0.88
"164","12","251","M","Mnrt=Yes",430,18,0.26
"165","12","302","F","Mnrt=Yes",535,28,0.07
"166","12","302","M","Mnrt=Yes",535,5,0.18
"167","12","302","F","Mnrt=Yes",508,67,1.64
"168","12","302","M","Mnrt=Yes",459,59,-0.03
"169","12","302","M","Mnrt=Yes",474,45,0.73
"170","12","302","M","Mnrt=Yes",491,47,-0.03
"171","12","302","F","Mnrt=Yes",491,26,1.32
"172","13","64","M","Mnrt=Yes",433,52,0.86
"173","13","64","F","Mnrt=No",462,32,0.58
"174","13","64","F","Mnrt=No",462,44,-0.76
"175","13","64","F","Mnrt=No",506,41,-0.24
"176","13","64","M","Mnrt=No",477,98,0.01
"177","13","166","F","Mnrt=No",466,59,0.29
"178","13","166","M","Mnrt=No",529,-11,0.08
"179","13","166","F","Mnrt=No",499,35,-0.19
"180","13","166","M","Mnrt=Yes",481,79,0.31
"181","14","41","M","Mnrt=Yes",470,26,-0.37
"182","14","41","M","Mnrt=Yes",519,-11,-0.14
"183","14","41","F","Mnrt=Yes",441,23,0.05
"184","14","41","M","Mnrt=Yes",436,88,0.29
"185","14","41","F","Mnrt=Yes",431,52,-1.12
"186","14","141","M","Mnrt=Yes",515,13,0.24
"187","14","141","M","Mnrt=Yes",467,32,-0.42
"188","14","141","F","Mnrt=Yes",455,19,-0.3
"189","14","141","F","Mnrt=Yes",415,62,-0.2
"190","14","141","M","Mnrt=Yes",477,69,0.09
"191","14","167","M","Mnrt=Yes",490,71,0.01
"192","14","167","M","Mnrt=Yes",521,25,0.06
"193","14","167","M","Mnrt=Yes",437,90,0.03
"194","14","167","M","Mnrt=Yes",526,41,-0.39
"195","14","167","F","Mnrt=Yes",434,65,0.34
"196","15","5","M","Mnrt=Yes",342,182,-0.24
"197","15","85","F","Mnrt=Yes",404,79,0.73
"198","15","85","F","Mnrt=Yes",457,36,0.07
"199","15","85","F","Mnrt=No",457,47,-0.37
"200","15","85","F","Mnrt=Yes",397,103,-0.35
"201","15","85","M","Mnrt=No",422,91,-0.29
"202","15","85","M","Mnrt=Yes",424,113,-0.91
"203","15","85","M","Mnrt=Yes",439,98,0.23
"204","15","92","F","Mnrt=Yes",449,94,-0.48
"205","15","119","M","Mnrt=Yes",506,39,0.97
"206","15","260","M","Mnrt=Yes",533,33,-0.97
"207","15","260","F","Mnrt=Yes",446,38,-1.01
"208","15","260","M","Mnrt=Yes",521,22,-0.76
"209","16","206","M","Mnrt=Yes",412,118,1.46
"210","16","206","F","Mnrt=Yes",474,83,0.68
"211","16","206","F","Mnrt=Yes",447,78,0.05
"212","16","206","M","Mnrt=Yes",441,74,-1.52
"213","16","206","F","Mnrt=Yes",411,90,-0.02
"214","16","256","F","Mnrt=Yes",390,108,-0.44
"215","17","7","M","Mnrt=Yes",429,51,-1.03
"216","17","10","F","Mnrt=Yes",381,143,-0.49
"217","17","10","M","Mnrt=Yes",419,69,-1.35
"218","17","87","M","Mnrt=Yes",441,54,-0.49
"219","17","177","M","Mnrt=Yes",379,129,-0.51
"220","17","177","F","Mnrt=Yes",434,65,1.04
"221","17","177","M","Mnrt=Yes",416,57,-0.72
"222","17","216","M","Mnrt=Yes",403,49,-0.69
"223","17","216","M","Mnrt=Yes",457,62,-0.93
"224","18","31","M","Mnrt=Yes",419,71,-0.61
"225","18","31","F","Mnrt=No",409,75,0.57
"226","18","31","M","Mnrt=No",290,164,-0.14
"227","18","31","F","Mnrt=No",440,49,-0.03
"228","19","98","M","Mnrt=Yes",431,80,-0.18
"229","19","98","M","Mnrt=Yes",437,37,-0.85
"230","19","98","M","Mnrt=Yes",477,45,-0.13
"231","19","98","M","Mnrt=Yes",416,56,1.56
"232","19","98","F","Mnrt=Yes",455,50,-0.16
"233","19","110","F","Mnrt=Yes",470,24,-0.36
"234","19","110","M","Mnrt=Yes",456,101,-0.15
"235","19","110","F","Mnrt=Yes",422,31,-0.61
"236","19","110","F","Mnrt=Yes",484,51,1.22
"237","19","170","F","Mnrt=Yes",463,57,0.29
"238","19","170","F","Mnrt=Yes",398,79,-0.66
"239","20","30","F","Mnrt=Yes",445,72,-0.8
"240","20","30","F","Mnrt=Yes",484,29,-0.58
"241","20","30","F","Mnrt=Yes",393,47,-0.51
"242","20","30","F","Mnrt=Yes",447,68,-1.01
"243","20","94","M","Mnrt=Yes",429,67,-0.47
"244","20","94","M","Mnrt=Yes",453,41,-0.64
"245","20","94","F","Mnrt=Yes",508,63,-0.24
"246","20","94","F","Mnrt=Yes",462,97,0.61
"247","20","94","M","Mnrt=Yes",435,67,-0.63
"248","20","94","M","Mnrt=Yes",485,43,-0.4
"249","20","101","M","Mnrt=Yes",484,68,-0.98
"250","20","101","F","Mnrt=Yes",417,79,-1.16
"251","21","6","M","Mnrt=Yes",431,36,-0.32
"252","21","6","M","Mnrt=Yes",454,23,-0.03
"253","21","6","M","Mnrt=No",452,34,0.28
"254","21","6","F","Mnrt=Yes",448,44,0.31
"255","21","6","F","Mnrt=No",405,60,0.33
"256","21","130","M","Mnrt=Yes",460,86,0.2
"257","21","130","M","Mnrt=Yes",435,24,-0.44
"258","21","130","M","Mnrt=Yes",461,73,0.68
"259","21","130","M","Mnrt=No",434,75,0.1
"260","21","158","M","Mnrt=Yes",494,46,0.25
"261","21","158","M","Mnrt=Yes",443,87,0.51
"262","21","158","M","Mnrt=Yes",524,49,0.08
"263","21","158","M","Mnrt=Yes",437,67,0.53
"264","21","158","M","Mnrt=Yes",392,91,-0.8
"265","21","158","M","Mnrt=Yes",457,28,-0.16
"266","21","158","F","Mnrt=No",431,102,-1.1
"267","21","158","F","Mnrt=Yes",494,39,0.37
"268","22","159","M","Mnrt=Yes",433,46,-1.44
"269","22","159","F","Mnrt=Yes",449,48,0.47
"270","22","159","F","Mnrt=Yes",447,39,0.31
"271","22","159","F","Mnrt=Yes",462,25,-0.3
"272","23","43","M","Mnrt=Yes",459,82,-0.89
"273","23","43","F","Mnrt=Yes",495,34,0.59
"274","23","43","M","Mnrt=Yes",483,43,-0.78
"275","23","47","F","Mnrt=Yes",462,117,-0.81
"276","23","163","M","Mnrt=Yes",447,74,-0.75
"277","24","55","F","Mnrt=Yes",497,30,-0.33
"278","24","55","F","Mnrt=Yes",494,-2,0.19
"279","24","55","F","Mnrt=Yes",427,65,0.68
"280","24","55","F","Mnrt=Yes",447,30,-0.17
"281","24","55","F","Mnrt=Yes",477,0,-0.87
"282","24","77","M","Mnrt=Yes",539,-16,1.57
"283","24","93","F","Mnrt=Yes",431,106,-0.34
"284","24","150","F","Mnrt=Yes",496,88,0.21
"285","25","97","F","Mnrt=Yes",443,38,-0.03
"286","25","97","F","Mnrt=Yes",469,27,0.03
"287","25","297","F","Mnrt=Yes",374,59,-0.4
"288","25","297","F","Mnrt=Yes",513,-6,-0.76
"289","25","297","F","Mnrt=Yes",450,34,-0.03
"290","25","297","M","Mnrt=Yes",447,7,0.53
"291","25","297","M","Mnrt=Yes",450,39,-0.64
"292","26","78","M","Mnrt=Yes",439,97,0.67
"293","26","78","M","Mnrt=Yes",480,56,-0.03
"294","26","78","F","Mnrt=Yes",497,56,-1.37
"295","26","78","F","Mnrt=Yes",482,43,-0.25
"296","26","78","M","Mnrt=Yes",409,71,0.35
"297","26","78","F","Mnrt=Yes",466,42,-0.53
"298","26","78","M","Mnrt=Yes",439,88,-0.32
"299","26","78","M","Mnrt=Yes",430,86,1.04
"300","26","102","F","Mnrt=Yes",470,41,0.4
"301","26","102","M","Mnrt=Yes",476,43,-0.03
"302","26","102","M","Mnrt=Yes",481,78,-1.35
"303","26","139","M","Mnrt=Yes",443,65,-0.03
"304","26","139","F","Mnrt=Yes",415,-2,-0.03
"305","26","139","F","Mnrt=Yes",503,41,0.54
"306","26","139","M","Mnrt=Yes",468,64,0.21
"307","27","104","M","Mnrt=No",515,30,1.02
"308","27","104","M","Mnrt=No",505,48,1.14
"309","27","104","M","Mnrt=No",440,44,0.51
"310","27","104","M","Mnrt=No",454,25,-0.63
"311","27","104","M","Mnrt=No",520,69,0.36
"312","27","104","F","Mnrt=No",542,138,2.27
"313","27","190","F","Mnrt=No",498,81,0.52
"314","27","190","F","Mnrt=No",495,41,-0.39
"315","27","190","M","Mnrt=No",491,54,-0.18
"316","27","190","F","Mnrt=No",499,88,-0.38
"317","27","190","F","Mnrt=No",450,56,-0.2
"318","27","190","M","Mnrt=No",471,82,-0.06
"319","27","190","F","Mnrt=No",497,78,0.45
"320","27","190","M","Mnrt=No",568,19,1.28
"321","27","230","M","Mnrt=No",509,24,0.63
"322","27","230","F","Mnrt=No",544,3,0.02
"323","27","262","M","Mnrt=No",536,42,-0.01
"324","27","262","M","Mnrt=No",510,67,0.29
"325","27","262","F","Mnrt=No",408,76,0.8
"326","27","262","M","Mnrt=No",471,54,0.05
"327","27","262","F","Mnrt=No",513,113,2.18
"328","28","114","M","Mnrt=Yes",544,-5,0.4
"329","28","114","F","Mnrt=Yes",464,33,-1.45
"330","28","114","F","Mnrt=Yes",467,47,-1.1
"331","28","114","M","Mnrt=Yes",397,50,0
"332","28","118","M","Mnrt=Yes",414,71,0.36
"333","28","202","M","Mnrt=Yes",511,11,-0.95
"334","28","202","M","Mnrt=Yes",524,2,0.22
"335","28","202","F","Mnrt=Yes",454,10,-0.67
"336","28","203","F","Mnrt=Yes",478,49,0.22
"337","28","203","F","Mnrt=Yes",290,197,-0.46
"338","29","115","F","Mnrt=No",493,39,0.45
"339","29","115","F","Mnrt=No",483,89,-0.06
"340","29","115","M","Mnrt=Yes",490,56,-0.72
"341","29","115","F","Mnrt=Yes",489,34,-0.85
"342","29","223","F","Mnrt=Yes",505,17,-0.05
"343","29","223","M","Mnrt=No",452,87,1.04
"344","29","223","F","Mnrt=Yes",536,-7,-0.35
"345","29","223","F","Mnrt=No",537,42,-0.72
"346","30","175","M","Mnrt=Yes",475,13,0.83
"347","30","175","F","Mnrt=Yes",451,29,-0.1
"348","30","175","M","Mnrt=Yes",401,41,-0.37
"349","31","51","F","Mnrt=Yes",497,-2,-0.05
"350","31","51","M","Mnrt=Yes",406,64,-0.35
"351","31","51","M","Mnrt=Yes",460,41,-0.05
"352","31","51","F","Mnrt=Yes",432,18,-0.48
"353","31","51","F","Mnrt=Yes",414,61,-0.78
"354","31","51","M","Mnrt=Yes",370,91,-0.8
"355","31","156","M","Mnrt=Yes",405,94,-0.25
"356","31","156","M","Mnrt=Yes",454,31,0.02
"357","31","156","M","Mnrt=Yes",454,55,0.25
"358","31","156","F","Mnrt=Yes",471,14,-0.72
"359","31","156","F","Mnrt=Yes",463,43,-0.23
"360","31","156","F","Mnrt=Yes",448,70,1.06
"361","31","234","M","Mnrt=Yes",480,76,-0.88
"362","31","234","F","Mnrt=Yes",467,25,-0.12
"363","31","234","F","Mnrt=Yes",495,45,-0.38
"364","31","234","F","Mnrt=Yes",451,44,1.34
"365","31","234","F","Mnrt=Yes",370,163,-0.96
"366","31","234","F","Mnrt=Yes",435,97,0.01
"367","31","234","F","Mnrt=Yes",410,84,-0.03
"368","31","258","F","Mnrt=Yes",451,-20,0.39
"369","31","258","F","Mnrt=Yes",487,13,-0.42
"370","31","258","M","Mnrt=Yes",453,7,-0.53
"371","32","191","M","Mnrt=Yes",470,100,0.01
"372","32","204","F","Mnrt=Yes",488,61,0.6
"373","32","204","F","Mnrt=Yes",561,3,1.06
"374","32","252","F","Mnrt=Yes",452,92,0.49
"375","32","252","M","Mnrt=Yes",516,32,-0.5
"376","32","252","F","Mnrt=Yes",470,68,0.54
"377","32","252","F","Mnrt=Yes",515,56,-0.36
"378","32","252","M","Mnrt=Yes",492,74,-0.74
"379","32","252","F","Mnrt=Yes",529,-12,-0.03
"380","33","26","F","Mnrt=Yes",398,65,-0.12
"381","33","26","F","Mnrt=Yes",453,49,-0.72
"382","33","26","F","Mnrt=Yes",523,47,-0.29
"383","33","26","F","Mnrt=Yes",440,94,-0.03
"384","33","26","M","Mnrt=Yes",419,102,0.01
"385","33","26","M","Mnrt=Yes",395,103,-0.09
"386","33","26","M","Mnrt=Yes",483,32,-1.17
"387","33","26","F","Mnrt=Yes",439,100,0.6
"388","33","26","F","Mnrt=Yes",498,53,1.32
"389","33","26","F","Mnrt=Yes",478,96,0.99
"390","33","32","M","Mnrt=Yes",508,-20,-0.4
"391","33","32","F","Mnrt=Yes",496,29,1.17
"392","33","32","M","Mnrt=Yes",448,101,-0.31
"393","33","32","F","Mnrt=Yes",483,12,-0.03
"394","33","88","M","Mnrt=Yes",476,27,0.2
"395","33","88","F","Mnrt=Yes",485,16,0.08
"396","33","100","F","Mnrt=Yes",443,39,-1.32
"397","33","229","M","Mnrt=Yes",423,62,-0.4
"398","33","229","M","Mnrt=Yes",380,118,-0.01
"399","33","229","F","Mnrt=Yes",395,137,0.06
"400","33","229","M","Mnrt=Yes",454,58,2.17
"401","33","229","M","Mnrt=Yes",393,57,0.55
"402","34","2","M","Mnrt=Yes",453,60,-0.41
"403","34","2","M","Mnrt=No",472,52,-1.61
"404","34","2","F","Mnrt=Yes",437,85,0.55
"405","34","188","F","Mnrt=Yes",475,56,0.04
"406","34","188","M","Mnrt=Yes",412,41,-1.43
"407","34","188","F","Mnrt=Yes",423,73,-1.43
"408","34","188","M","Mnrt=Yes",439,-12,-0.83
"409","35","56","F","Mnrt=No",422,44,-0.97
"410","35","56","F","Mnrt=No",507,10,-0.49
"411","35","56","M","Mnrt=No",483,-7,-0.62
"412","35","56","F","Mnrt=Yes",499,48,-1.01
"413","35","56","F","Mnrt=Yes",478,55,0.39
"414","35","122","M","Mnrt=No",456,53,-0.31
"415","35","122","M","Mnrt=No",494,8,-0.85
"416","35","122","F","Mnrt=No",480,54,-0.52
"417","35","122","M","Mnrt=No",551,7,-0.27
"418","35","122","M","Mnrt=No",446,26,-1.13
"419","35","122","M","Mnrt=No",476,34,-0.17
"420","36","63","F","Mnrt=Yes",500,31,-0.18
"421","36","63","F","Mnrt=No",500,80,-0.16
"422","36","180","F","Mnrt=Yes",446,77,0.54
"423","36","180","M","Mnrt=Yes",445,60,1.07
"424","36","180","F","Mnrt=Yes",436,88,-0.84
"425","36","180","F","Mnrt=Yes",504,76,-0.5
"426","36","180","M","Mnrt=Yes",420,88,-0.35
"427","36","180","F","Mnrt=Yes",495,76,-0.27
"428","37","103","F","Mnrt=Yes",448,37,-0.02
"429","37","103","F","Mnrt=Yes",465,5,-0.44
"430","37","103","F","Mnrt=Yes",473,18,-0.48
"431","37","125","M","Mnrt=Yes",350,136,-0.35
"432","37","125","F","Mnrt=Yes",429,65,0.5
"433","37","125","M","Mnrt=Yes",450,53,-0.51
"434","37","125","M","Mnrt=Yes",440,48,0.11
"435","37","210","F","Mnrt=Yes",407,74,-1.02
"436","37","210","F","Mnrt=Yes",438,80,0.21
"437","37","210","F","Mnrt=Yes",434,6,-0.28
"438","37","249","M","Mnrt=Yes",452,39,0.4
"439","38","16","F","Mnrt=Yes",477,10,0.26
"440","38","16","M","Mnrt=Yes",502,61,0.37
"441","38","16","M","Mnrt=Yes",470,32,-0.37
"442","38","16","M","Mnrt=Yes",475,77,-0.38
"443","38","16","F","Mnrt=Yes",437,57,1.34
"444","38","16","M","Mnrt=Yes",359,99,0.28
"445","38","309","M","Mnrt=Yes",441,9,1.26
"446","38","309","M","Mnrt=Yes",436,51,0.07
"447","38","309","M","Mnrt=Yes",494,34,-0.9
"448","39","79","M","Mnrt=Yes",544,-34,-0.66
"449","39","79","M","Mnrt=No",483,28,-0.6
"450","39","79","F","Mnrt=Yes",516,74,-0.62
"451","39","79","M","Mnrt=Yes",545,-22,-0.17
"452","39","79","M","Mnrt=Yes",451,45,-0.39
"453","39","198","F","Mnrt=Yes",471,21,-0.86
"454","39","198","F","Mnrt=Yes",511,0,-0.82
"455","39","274","F","Mnrt=Yes",490,48,-1.12
"456","39","288","F","Mnrt=Yes",592,-11,-0.29
"457","39","288","M","Mnrt=Yes",424,85,0.16
"458","39","288","M","Mnrt=Yes",566,52,-0.5
"459","39","288","M","Mnrt=Yes",450,41,-0.61
"460","40","9","M","Mnrt=No",475,16,-0.36
"461","40","9","F","Mnrt=Yes",526,8,-0.52
"462","40","9","M","Mnrt=Yes",448,-51,-0.72
"463","40","257","M","Mnrt=Yes",467,87,-0.57
"464","40","257","M","Mnrt=No",525,64,-0.62
"465","40","257","M","Mnrt=No",491,24,-0.22
"466","40","257","F","Mnrt=Yes",464,85,-0.27
"467","41","18","M","Mnrt=Yes",446,65,1.2
"468","41","50","M","Mnrt=Yes",431,91,-0.41
"469","41","50","M","Mnrt=Yes",450,58,0.25
"470","41","50","F","Mnrt=No",474,77,0.69
"471","41","50","M","Mnrt=No",543,0,0.17
"472","41","142","M","Mnrt=Yes",473,88,-0.38
"473","41","142","M","Mnrt=Yes",452,70,-0.48
"474","41","142","M","Mnrt=No",498,103,-0.39
"475","41","142","F","Mnrt=Yes",472,67,-1.11
"476","42","54","F","Mnrt=Yes",459,76,-0.03
"477","42","54","M","Mnrt=Yes",523,33,0.41
"478","42","54","F","Mnrt=Yes",506,48,-0.65
"479","42","54","F","Mnrt=Yes",481,59,0.3
"480","42","70","F","Mnrt=Yes",463,50,0.63
"481","42","207","F","Mnrt=Yes",484,77,-0.94
"482","42","207","F","Mnrt=Yes",430,33,-0.93
"483","42","207","F","Mnrt=Yes",463,40,-1.02
"484","42","207","F","Mnrt=Yes",475,55,0.05
"485","42","207","M","Mnrt=Yes",483,47,-1.24
"486","42","207","F","Mnrt=Yes",424,62,-0.92
"487","42","296","M","Mnrt=Yes",461,74,0.43
"488","42","296","F","Mnrt=Yes",468,39,-0.2
"489","42","296","F","Mnrt=Yes",415,99,0
"490","42","296","F","Mnrt=Yes",432,59,0.1
"491","42","296","M","Mnrt=Yes",499,54,-0.14
"492","42","296","M","Mnrt=Yes",453,91,-0.33
"493","42","296","M","Mnrt=Yes",508,67,1.66
"494","43","220","F","Mnrt=Yes",470,25,0.49
"495","43","220","M","Mnrt=Yes",471,70,0.26
"496","43","227","F","Mnrt=Yes",517,37,-0.82
"497","43","227","F","Mnrt=Yes",422,90,-1.35
"498","44","176","M","Mnrt=No",482,65,0.97
"499","44","176","F","Mnrt=Yes",414,86,-0.04
"500","44","176","F","Mnrt=No",435,79,-0.03
"501","44","176","F","Mnrt=No",465,71,0.43
"502","44","219","F","Mnrt=No",499,36,0.68
"503","44","219","M","Mnrt=No",423,98,-0.32
"504","44","219","F","Mnrt=No",448,68,-0.03
"505","44","219","M","Mnrt=Yes",483,34,-1.11
"506","44","246","M","Mnrt=No",443,126,-0.3
"507","44","246","F","Mnrt=No",523,25,0.54
"508","44","246","F","Mnrt=Yes",417,70,-0.7
"509","44","246","M","Mnrt=No",432,115,-0.03
"510","44","268","M","Mnrt=No",547,-3,0.54
"511","44","268","F","Mnrt=No",477,80,1.21
"512","44","268","M","Mnrt=No",420,97,-0.03
"513","44","268","M","Mnrt=No",509,67,0.83
"514","44","268","F","Mnrt=No",494,59,-0.47
"515","45","300","F","Mnrt=Yes",503,8,-0.04
"516","45","300","M","Mnrt=Yes",461,87,0.29
"517","45","300","M","Mnrt=Yes",469,71,-1.28
"518","45","300","M","Mnrt=Yes",482,90,-0.96
"519","45","300","F","Mnrt=Yes",459,77,-0.67
"520","46","19","M","Mnrt=Yes",381,97,-0.16
"521","46","19","M","Mnrt=Yes",464,62,-0.74
"522","46","69","M","Mnrt=Yes",484,39,1.09
"523","46","69","M","Mnrt=Yes",470,28,0.51
"524","46","69","F","Mnrt=Yes",502,47,-0.08
"525","46","71","F","Mnrt=Yes",441,72,-0.36
"526","46","71","M","Mnrt=Yes",459,85,0.83
"527","46","133","M","Mnrt=Yes",420,81,-0.57
"528","46","133","F","Mnrt=Yes",474,34,-0.12
"529","46","133","F","Mnrt=Yes",461,36,0.35
"530","46","240","M","Mnrt=Yes",481,16,0.07
"531","46","240","F","Mnrt=Yes",438,34,-0.83
"532","46","240","F","Mnrt=Yes",469,71,-0.58
"533","47","61","M","Mnrt=Yes",413,88,-0.74
"534","47","61","F","Mnrt=Yes",462,14,-0.81
"535","47","82","M","Mnrt=Yes",488,91,0.5
"536","47","82","M","Mnrt=Yes",400,57,0.07
"537","47","82","M","Mnrt=Yes",442,7,-0.04
"538","47","82","M","Mnrt=Yes",485,54,0.05
"539","47","82","M","Mnrt=Yes",290,253,-0.4
"540","47","155","M","Mnrt=Yes",438,70,-0.11
"541","47","155","F","Mnrt=Yes",446,52,-0.22
"542","47","155","F","Mnrt=Yes",501,52,1.11
"543","48","153","M","Mnrt=Yes",421,68,-0.03
"544","48","153","F","Mnrt=Yes",418,40,-0.43
"545","48","153","F","Mnrt=Yes",430,25,-0.56
"546","48","153","F","Mnrt=Yes",464,61,1.91
"547","48","153","M","Mnrt=Yes",458,36,1.32
"548","48","153","F","Mnrt=Yes",391,64,-1.35
"549","49","105","F","Mnrt=Yes",430,80,-0.5
"550","49","105","M","Mnrt=Yes",409,144,0.26
"551","49","105","M","Mnrt=Yes",459,48,0.03
"552","49","105","M","Mnrt=Yes",462,142,0.71
"553","49","212","M","Mnrt=Yes",480,3,-0.36
"554","49","212","M","Mnrt=Yes",503,77,-0.03
"555","49","212","M","Mnrt=No",458,66,-0.23
"556","49","212","M","Mnrt=Yes",459,92,1.84
"557","50","25","M","Mnrt=No",521,2,0.06
"558","50","25","F","Mnrt=No",507,70,-0.41
"559","50","25","M","Mnrt=No",506,63,1.23
"560","50","25","F","Mnrt=Yes",502,13,-0.28
"561","50","127","M","Mnrt=No",477,46,-0.01
"562","50","127","M","Mnrt=No",470,85,-0.64
"563","50","127","F","Mnrt=Yes",506,31,-0.6
"564","50","289","M","Mnrt=No",553,20,1.23
"565","50","289","F","Mnrt=Yes",469,26,0.97
"566","50","289","F","Mnrt=No",483,95,-0.22
"567","50","289","M","Mnrt=Yes",479,26,-0.4
"568","50","289","M","Mnrt=No",494,50,-0.02
"569","51","59","F","Mnrt=No",472,62,-0.03
"570","51","59","F","Mnrt=No",420,84,-0.09
"571","51","59","M","Mnrt=Yes",454,35,0.2
"572","51","59","M","Mnrt=Yes",495,45,-1.05
"573","52","255","F","Mnrt=Yes",521,48,0.82
"574","52","255","M","Mnrt=Yes",524,65,1.16
"575","52","255","F","Mnrt=Yes",521,43,0.92
"576","52","255","F","Mnrt=Yes",496,32,0.63
"577","52","255","M","Mnrt=Yes",498,49,0.49
"578","52","255","F","Mnrt=Yes",462,61,0.4
"579","52","270","F","Mnrt=Yes",422,35,-1.03
"580","52","270","M","Mnrt=Yes",428,30,-1.51
"581","52","270","F","Mnrt=Yes",434,15,-0.53
"582","53","14","F","Mnrt=Yes",489,47,-0.03
"583","53","14","F","Mnrt=Yes",434,65,-0.51
"584","53","14","F","Mnrt=Yes",394,112,-0.03
"585","53","14","M","Mnrt=Yes",488,142,-0.28
"586","53","149","F","Mnrt=Yes",512,14,-0.99
"587","53","149","M","Mnrt=Yes",520,46,-0.2
"588","53","149","M","Mnrt=Yes",491,61,-0.03
"589","53","149","F","Mnrt=No",460,91,-0.05
"590","54","259","M","Mnrt=No",471,48,0.06
"591","54","259","M","Mnrt=No",516,29,2.04
"592","54","259","M","Mnrt=No",510,31,1.86
"593","54","259","M","Mnrt=Yes",457,60,0.12
"594","54","259","M","Mnrt=No",504,54,1.79
"595","54","259","M","Mnrt=No",544,23,1.79
"596","54","259","F","Mnrt=Yes",506,5,-0.71
"597","54","259","F","Mnrt=No",451,32,2.93
"598","54","301","M","Mnrt=No",515,16,-0.33
"599","54","301","M","Mnrt=Yes",504,64,0.12
"600","55","24","F","Mnrt=No",497,20,-0.18
"601","55","35","M","Mnrt=No",476,6,-0.62
"602","55","35","F","Mnrt=No",525,55,-0.03
"603","55","35","M","Mnrt=Yes",472,113,-1.28
"604","55","35","M","Mnrt=No",427,67,1.09
"605","55","117","F","Mnrt=No",446,62,0.45
"606","55","117","F","Mnrt=No",465,59,0.09
"607","55","117","M","Mnrt=No",498,46,0.17
"608","55","117","M","Mnrt=Yes",495,36,-1.02
"609","55","117","M","Mnrt=No",491,18,-0.32
"610","55","117","F","Mnrt=Yes",463,54,-1.15
"611","55","117","M","Mnrt=No",478,76,-0.8
"612","55","117","F","Mnrt=No",415,84,-0.24
"613","56","3","F","Mnrt=No",506,-4,-0.43
"614","56","3","F","Mnrt=No",516,18,-0.26
"615","56","3","M","Mnrt=No",456,33,-0.51
"616","56","168","F","Mnrt=No",511,122,1.54
"617","56","168","F","Mnrt=No",524,53,0.12
"618","56","168","M","Mnrt=No",480,77,-0.37
"619","56","168","M","Mnrt=No",521,26,0.07
"620","56","168","M","Mnrt=No",505,55,0.38
"621","56","168","M","Mnrt=No",482,85,0.02
"622","56","168","M","Mnrt=No",470,56,-1.28
"623","57","36","F","Mnrt=Yes",431,89,-0.96
"624","57","40","M","Mnrt=Yes",349,132,-0.76
"625","57","40","F","Mnrt=Yes",465,127,0.19
"626","57","40","F","Mnrt=Yes",474,22,-0.86
"627","57","171","F","Mnrt=Yes",435,69,-1.14
"628","57","250","F","Mnrt=Yes",484,39,-0.05
"629","57","250","M","Mnrt=Yes",498,52,-0.07
"630","57","272","M","Mnrt=Yes",466,34,-1.15
"631","58","12","M","Mnrt=Yes",456,36,0.32
"632","58","12","F","Mnrt=No",480,62,0.55
"633","58","12","M","Mnrt=Yes",451,51,-0.8
"634","58","12","F","Mnrt=Yes",500,109,-0.28
"635","58","12","F","Mnrt=No",533,-8,0.05
"636","59","34","M","Mnrt=Yes",536,6,-0.85
"637","59","108","F","Mnrt=No",506,41,0.01
"638","59","108","M","Mnrt=Yes",455,54,0.27
"639","59","108","M","Mnrt=Yes",540,79,-0.28
"640","60","121","F","Mnrt=Yes",482,102,-0.03
"641","60","121","M","Mnrt=Yes",493,122,-0.03
"642","60","121","M","Mnrt=Yes",445,72,-0.03
"643","60","121","F","Mnrt=Yes",432,36,-0.03
"644","60","121","M","Mnrt=Yes",445,118,-0.68
"645","60","121","M","Mnrt=Yes",415,79,-0.03
"646","60","242","F","Mnrt=Yes",443,59,-0.03
"647","60","242","F","Mnrt=Yes",428,78,-0.73
"648","60","242","M","Mnrt=Yes",449,74,-0.07
"649","60","242","M","Mnrt=Yes",492,79,-0.03
"650","60","242","M","Mnrt=Yes",515,24,0.3
"651","60","242","M","Mnrt=Yes",489,23,-0.03
"652","60","242","F","Mnrt=Yes",470,94,-0.03
"653","61","1","M","Mnrt=Yes",442,35,-0.09
"654","61","1","M","Mnrt=Yes",422,109,-1.32
"655","61","1","F","Mnrt=Yes",482,66,0.43
"656","61","1","F","Mnrt=Yes",489,19,-0.06
"657","61","1","M","Mnrt=Yes",460,10,-1.28
"658","61","124","M","Mnrt=Yes",448,52,-0.03
"659","61","192","F","Mnrt=Yes",449,15,-0.03
"660","61","192","F","Mnrt=Yes",441,37,-1.35
"661","61","267","F","Mnrt=Yes",503,22,-1.21
"662","61","267","F","Mnrt=Yes",454,50,-1.06
"663","61","267","M","Mnrt=Yes",456,62,-1.03
"664","62","22","F","Mnrt=No",629,-84,2.33
"665","62","22","F","Mnrt=No",501,179,2
"666","62","22","M","Mnrt=No",589,11,2.43
"667","62","22","M","Mnrt=No",524,65,0.46
"668","62","22","F","Mnrt=No",466,78,3.16
"669","62","22","F","Mnrt=No",502,41,0.46
"670","62","22","F","Mnrt=No",532,55,1.06
"671","62","22","M","Mnrt=No",500,57,0.08
"672","62","46","F","Mnrt=No",527,37,2.06
"673","62","46","M","Mnrt=No",496,61,3.21
"674","62","46","F","Mnrt=No",596,23,0.73
"675","62","46","M","Mnrt=No",499,112,1.81
"676","62","46","M","Mnrt=Yes",419,67,1.22
"677","63","310","F","Mnrt=Yes",474,17,0.04
"678","63","310","M","Mnrt=No",510,84,-0.67
"679","63","310","M","Mnrt=Yes",496,64,-0.55
"680","64","38","M","Mnrt=Yes",432,76,-0.86
"681","64","38","F","Mnrt=No",436,77,0.07
"682","64","38","M","Mnrt=Yes",472,49,0.18
"683","64","38","M","Mnrt=No",420,79,-0.69
"684","64","38","F","Mnrt=Yes",447,97,0.75
"685","64","38","M","Mnrt=No",463,40,-0.03
"686","64","38","F","Mnrt=Yes",429,67,0.11
"687","64","294","M","Mnrt=No",494,32,-0.02
"688","64","294","F","Mnrt=Yes",449,95,-0.08
"689","64","294","M","Mnrt=Yes",465,62,-0.03
"690","65","95","F","Mnrt=Yes",466,17,-0.71
"691","65","95","F","Mnrt=No",448,25,0.01
"692","65","128","M","Mnrt=Yes",524,52,0.3
"693","65","128","F","Mnrt=Yes",466,88,-0.63
"694","65","128","M","Mnrt=No",521,76,1.29
"695","65","128","F","Mnrt=Yes",408,69,-0.72
"696","65","284","M","Mnrt=Yes",474,23,-0.45
"697","65","284","F","Mnrt=No",521,65,-0.99
"698","65","284","M","Mnrt=No",503,92,1.17
"699","66","91","M","Mnrt=No",514,64,-0.03
"700","66","91","F","Mnrt=Yes",478,56,-0.2
"701","66","91","M","Mnrt=No",443,84,0.06
"702","66","91","F","Mnrt=No",445,53,0.22
"703","66","218","M","Mnrt=No",474,61,0.61
"704","66","218","M","Mnrt=No",500,38,1.79
"705","66","269","M","Mnrt=No",464,57,-0.62
"706","66","269","M","Mnrt=No",506,66,-0.07
"707","67","4","M","Mnrt=Yes",413,102,0.25
"708","67","4","M","Mnrt=Yes",427,86,-0.12
"709","67","4","M","Mnrt=Yes",482,66,-0.7
"710","67","4","M","Mnrt=Yes",430,106,-0.53
"711","67","4","F","Mnrt=Yes",441,79,-0.46
"712","67","4","M","Mnrt=Yes",429,110,-0.75
"713","67","73","F","Mnrt=Yes",401,107,0.05
"714","67","73","F","Mnrt=Yes",513,55,0.06
"715","67","73","F","Mnrt=Yes",437,82,-1.45
"716","67","245","F","Mnrt=Yes",479,32,-0.71
"717","67","245","M","Mnrt=Yes",431,57,-1.04
"718","67","245","F","Mnrt=No",436,79,-0.03
"719","68","57","F","Mnrt=Yes",542,36,-0.55
"720","68","57","M","Mnrt=Yes",487,44,-1.24
"721","68","57","M","Mnrt=Yes",501,39,-0.36
"722","68","57","F","Mnrt=Yes",463,86,-0.83
"723","68","244","F","Mnrt=Yes",290,214,-0.67
"724","68","263","F","Mnrt=Yes",488,75,-0.57
"725","68","263","F","Mnrt=Yes",508,29,-0.34
"726","68","263","F","Mnrt=Yes",489,71,-0.71
"727","68","271","M","Mnrt=Yes",491,29,-0.8
"728","68","271","F","Mnrt=Yes",435,91,-0.57
"729","68","271","F","Mnrt=Yes",414,93,-1.15
"730","68","298","M","Mnrt=Yes",409,128,-0.96
"731","68","298","F","Mnrt=Yes",490,52,-0.16
"732","68","298","F","Mnrt=Yes",500,59,-0.16
"733","68","298","F","Mnrt=Yes",473,79,-1.21
"734","68","298","F","Mnrt=Yes",423,123,0.88
"735","69","90","M","Mnrt=Yes",365,107,-0.03
"736","69","90","F","Mnrt=Yes",443,66,-0.76
"737","69","290","M","Mnrt=Yes",431,83,1.03
"738","69","290","M","Mnrt=Yes",425,45,-0.64
"739","69","290","F","Mnrt=Yes",456,22,0.55
"740","70","83","M","Mnrt=Yes",484,96,-1.15
"741","70","83","M","Mnrt=Yes",464,45,-1.19
"742","70","83","F","Mnrt=Yes",509,53,-0.46
"743","70","83","F","Mnrt=Yes",463,68,-1.45
"744","70","83","M","Mnrt=Yes",400,107,-0.09
"745","70","83","F","Mnrt=Yes",418,108,-1.15
"746","70","83","F","Mnrt=Yes",403,117,-0.59
"747","70","146","F","Mnrt=Yes",405,62,-0.36
"748","70","146","M","Mnrt=Yes",428,145,0.11
"749","70","146","M","Mnrt=Yes",496,63,0.16
"750","70","152","F","Mnrt=Yes",471,45,-1.27
"751","70","152","F","Mnrt=Yes",434,36,-1.25
"752","70","152","F","Mnrt=Yes",447,69,-0.98
"753","70","152","F","Mnrt=Yes",481,66,-1.45
"754","70","152","M","Mnrt=Yes",368,218,-1.14
"755","70","152","F","Mnrt=Yes",439,54,-0.49
"756","70","261","M","Mnrt=Yes",468,68,-0.03
"757","70","311","F","Mnrt=Yes",466,81,-1.02
"758","70","311","M","Mnrt=Yes",514,32,-0.31
"759","71","80","F","Mnrt=No",488,45,1.21
"760","71","80","M","Mnrt=No",459,95,0.14
"761","71","80","M","Mnrt=Yes",459,24,-0.03
"762","71","80","M","Mnrt=No",551,10,1.16
"763","71","80","M","Mnrt=No",500,68,1.09
"764","71","80","M","Mnrt=Yes",455,60,-0.78
"765","71","120","F","Mnrt=No",551,82,-0.19
"766","71","120","M","Mnrt=No",485,80,-0.05
"767","71","120","M","Mnrt=No",537,104,2.07
"768","71","120","F","Mnrt=No",499,85,1.08
"769","71","120","M","Mnrt=No",494,35,0.1
"770","71","120","M","Mnrt=No",502,54,0.93
"771","71","120","F","Mnrt=No",545,39,0.8
"772","71","120","F","Mnrt=No",527,50,1.27
"773","71","209","F","Mnrt=No",523,70,-0.69
"774","71","209","F","Mnrt=No",517,80,0.16
"775","71","264","F","Mnrt=No",561,34,0.91
"776","71","264","F","Mnrt=No",452,49,2.06
"777","71","264","F","Mnrt=Yes",477,1,0.02
"778","71","264","M","Mnrt=No",480,43,-0.2
"779","71","264","F","Mnrt=No",556,2,0.72
"780","71","264","F","Mnrt=No",473,55,0.28
"781","71","264","F","Mnrt=No",543,78,0.8
"782","71","304","M","Mnrt=No",502,63,0.24
"783","71","304","M","Mnrt=No",513,10,0.97
"784","71","304","F","Mnrt=No",446,72,0.3
"785","71","304","M","Mnrt=Yes",506,29,0.46
"786","72","29","M","Mnrt=No",542,77,0.6
"787","72","29","M","Mnrt=No",469,88,0.8
"788","72","29","F","Mnrt=Yes",510,20,-0.38
"789","72","148","M","Mnrt=No",523,28,-0.22
"790","72","148","M","Mnrt=No",510,51,0.56
"791","72","148","F","Mnrt=No",532,47,-0.37
"792","72","148","F","Mnrt=No",498,37,0.37
"793","72","243","F","Mnrt=No",524,113,1.95
"794","72","243","F","Mnrt=No",520,16,0.69
"795","72","243","F","Mnrt=Yes",488,53,0.27
"796","72","243","M","Mnrt=Yes",478,28,0.62
"797","73","213","F","Mnrt=Yes",489,70,-0.03
"798","73","213","M","Mnrt=Yes",426,44,-0.72
"799","73","213","M","Mnrt=Yes",442,28,-0.07
"800","73","276","M","Mnrt=Yes",422,93,-0.55
"801","73","276","M","Mnrt=Yes",466,46,-0.11
"802","73","276","F","Mnrt=Yes",523,37,0.54
"803","73","276","M","Mnrt=Yes",393,95,-0.84
"804","73","276","M","Mnrt=Yes",436,51,0.17
"805","73","276","F","Mnrt=Yes",435,11,-0.04
"806","73","276","F","Mnrt=Yes",479,38,0.47
"807","74","232","M","Mnrt=No",411,118,-0.61
"808","74","232","M","Mnrt=No",496,-2,0.62
"809","74","295","M","Mnrt=Yes",433,59,-0.98
"810","75","39","F","Mnrt=Yes",490,60,-0.03
"811","75","39","F","Mnrt=Yes",452,66,-0.88
"812","75","42","M","Mnrt=No",510,147,-0.47
"813","75","42","F","Mnrt=Yes",461,106,0.39
"814","75","42","F","Mnrt=Yes",457,36,0.09
"815","75","42","M","Mnrt=Yes",438,53,-1.52
"816","75","42","F","Mnrt=Yes",486,57,-0.96
"817","75","42","M","Mnrt=No",504,97,0.27
"818","75","42","F","Mnrt=Yes",455,58,-0.86
"819","75","42","F","Mnrt=No",436,116,-0.61
"820","75","42","F","Mnrt=Yes",451,80,-1.08
"821","75","42","F","Mnrt=Yes",508,58,-0.04
"822","75","154","F","Mnrt=Yes",533,19,-0.09
"823","75","154","F","Mnrt=Yes",476,110,0.02
"824","75","181","F","Mnrt=Yes",396,78,-1.06
"825","76","8","M","Mnrt=No",428,23,-1
"826","76","8","M","Mnrt=No",482,58,0.81
"827","76","8","M","Mnrt=No",523,25,0.46
"828","76","8","F","Mnrt=No",505,-15,0.41
"829","76","28","M","Mnrt=Yes",429,46,0.17
"830","76","28","M","Mnrt=No",290,152,-0.45
"831","76","28","F","Mnrt=Yes",485,62,-0.83
"832","76","28","F","Mnrt=No",495,19,-0.22
"833","76","28","F","Mnrt=No",470,13,0.04
"834","76","136","M","Mnrt=Yes",456,38,0.16
"835","76","136","M","Mnrt=Yes",474,58,0.03
"836","76","136","M","Mnrt=Yes",480,-10,0.1
"837","76","136","M","Mnrt=No",458,61,0.41
"838","76","136","F","Mnrt=No",438,56,-0.35
"839","76","136","M","Mnrt=No",449,69,0.19
"840","76","277","F","Mnrt=No",455,73,-0.91
"841","76","277","F","Mnrt=No",458,-3,-0.14
"842","76","277","F","Mnrt=No",503,25,0.17
"843","76","277","F","Mnrt=No",469,33,0.84
"844","76","277","M","Mnrt=No",426,19,-0.23
"845","76","277","F","Mnrt=No",451,60,0.63
"846","76","277","F","Mnrt=No",437,35,0.07
"847","76","287","M","Mnrt=No",485,50,-0.14
"848","76","287","M","Mnrt=No",441,59,0.1
"849","76","287","M","Mnrt=No",433,46,-0.32
"850","76","287","F","Mnrt=No",439,61,0.45
"851","76","287","M","Mnrt=No",417,75,-0.12
"852","77","27","M","Mnrt=No",463,59,1.1
"853","77","27","F","Mnrt=No",482,60,1.72
"854","77","27","M","Mnrt=No",469,72,1.04
"855","77","27","M","Mnrt=No",450,17,0.72
"856","77","27","F","Mnrt=No",453,52,0.2
"857","77","27","F","Mnrt=No",522,52,0.08
"858","77","53","F","Mnrt=No",468,58,0.69
"859","77","53","M","Mnrt=No",458,125,1.6
"860","77","53","F","Mnrt=No",514,5,0.56
"861","77","53","M","Mnrt=No",427,71,-0.03
"862","77","53","F","Mnrt=No",501,56,1.11
"863","77","189","F","Mnrt=No",471,57,-0.32
"864","77","189","F","Mnrt=No",515,28,1.42
"865","77","189","M","Mnrt=No",431,101,0.22
"866","77","189","M","Mnrt=No",500,44,1.27
"867","77","189","M","Mnrt=No",477,27,-0.09
"868","77","189","F","Mnrt=No",489,64,1
"869","77","189","F","Mnrt=No",484,65,0.27
"870","77","189","F","Mnrt=No",475,49,1.29
"871","77","189","M","Mnrt=No",514,67,1.06
"872","77","305","M","Mnrt=No",493,33,0.55
"873","77","305","M","Mnrt=No",514,31,0.82
"874","77","305","F","Mnrt=No",497,81,1.29
"875","77","305","M","Mnrt=No",510,57,-0.09
"876","78","13","M","Mnrt=Yes",474,56,-0.03
"877","78","13","M","Mnrt=Yes",478,12,-0.03
"878","78","13","F","Mnrt=Yes",482,49,0.81
"879","78","13","M","Mnrt=Yes",463,24,0.01
"880","78","13","M","Mnrt=Yes",461,75,-0.21
"881","78","13","M","Mnrt=Yes",512,25,-0.61
"882","78","13","F","Mnrt=Yes",439,77,-0.94
"883","78","13","F","Mnrt=Yes",473,6,0.06
"884","78","13","M","Mnrt=Yes",435,26,-1.29
"885","78","111","M","Mnrt=Yes",419,85,-1.06
"886","78","111","F","Mnrt=Yes",430,30,-0.46
"887","78","111","F","Mnrt=Yes",476,13,-0.47
"888","78","183","F","Mnrt=Yes",472,40,-1.09
"889","78","183","M","Mnrt=Yes",427,11,-0.03
"890","78","183","F","Mnrt=Yes",488,2,-0.03
"891","79","23","F","Mnrt=Yes",436,50,-1.21
"892","79","112","F","Mnrt=Yes",462,43,1.57
"893","79","112","F","Mnrt=Yes",401,74,-0.22
"894","79","253","F","Mnrt=Yes",468,31,0.36
"895","79","253","F","Mnrt=Yes",451,87,1.33
"896","79","253","F","Mnrt=Yes",531,24,0.92
"897","79","253","M","Mnrt=Yes",438,139,0.11
"898","79","253","F","Mnrt=Yes",467,49,-0.13
"899","79","253","M","Mnrt=Yes",506,24,1.13
"900","79","253","F","Mnrt=Yes",457,96,-0.17
"901","79","253","F","Mnrt=Yes",402,55,-1.26
"902","79","253","M","Mnrt=Yes",473,92,0.18
"903","80","222","F","Mnrt=Yes",432,110,0.51
"904","80","222","M","Mnrt=Yes",433,73,-0.94
"905","80","222","F","Mnrt=Yes",484,69,-0.37
"906","80","222","F","Mnrt=Yes",457,101,-0.08
"907","80","308","M","Mnrt=Yes",449,52,-0.51
"908","80","308","M","Mnrt=Yes",481,74,-0.14
"909","80","308","F","Mnrt=Yes",466,43,-0.37
"910","81","116","F","Mnrt=Yes",461,74,-0.66
"911","81","116","F","Mnrt=Yes",447,102,-0.51
"912","81","174","F","Mnrt=Yes",474,90,0.04
"913","81","174","M","Mnrt=No",430,74,-0.03
"914","81","174","F","Mnrt=No",452,44,-0.67
"915","81","174","F","Mnrt=No",428,53,-0.42
"916","81","174","M","Mnrt=Yes",452,66,-0.73
"917","81","174","F","Mnrt=No",485,40,-0.78
"918","81","174","F","Mnrt=Yes",458,48,-0.44
"919","82","164","M","Mnrt=Yes",443,60,-0.33
"920","82","164","M","Mnrt=No",407,79,-0.33
"921","82","164","M","Mnrt=No",424,93,0.93
"922","82","164","M","Mnrt=No",463,23,0.53
"923","82","164","M","Mnrt=No",499,26,0.51
"924","82","169","M","Mnrt=No",432,80,-0.21
"925","82","169","F","Mnrt=No",479,109,0.71
"926","82","169","M","Mnrt=No",443,86,1.11
"927","82","169","F","Mnrt=No",444,26,-0.27
"928","82","169","F","Mnrt=No",513,51,0.95
"929","82","169","F","Mnrt=No",484,48,1.28
"930","82","184","M","Mnrt=Yes",353,46,-1.17
"931","82","184","M","Mnrt=No",450,49,1.57
"932","82","184","M","Mnrt=No",472,55,0.52
"933","82","184","M","Mnrt=No",441,39,1.53
"934","82","184","M","Mnrt=No",487,36,0.01
"935","82","225","F","Mnrt=No",450,30,-0.27
"936","82","225","F","Mnrt=No",431,66,-0.08
"937","82","225","M","Mnrt=No",450,74,0.26
"938","83","165","F","Mnrt=Yes",437,55,0.11
"939","83","165","F","Mnrt=No",529,77,-1.15
"940","83","165","F","Mnrt=Yes",423,93,-0.44
"941","83","165","F","Mnrt=Yes",480,60,-0.36
"942","83","165","F","Mnrt=Yes",498,40,-0.4
"943","83","165","M","Mnrt=Yes",512,76,1.8
"944","83","235","F","Mnrt=Yes",466,22,-1.31
"945","83","235","M","Mnrt=Yes",447,10,-0.54
"946","83","235","F","Mnrt=Yes",492,74,-0.24
"947","83","235","M","Mnrt=Yes",492,45,0.01
"948","83","235","F","Mnrt=Yes",467,67,0.27
"949","83","235","M","Mnrt=Yes",476,54,0.38
"950","84","76","M","Mnrt=Yes",398,86,-0.06
"951","84","76","F","Mnrt=Yes",407,60,-1.26
"952","84","76","F","Mnrt=Yes",430,96,-0.03
"953","84","76","F","Mnrt=Yes",471,58,-0.31
"954","84","143","F","Mnrt=Yes",449,42,-0.72
"955","84","143","F","Mnrt=Yes",406,107,-0.93
"956","84","143","F","Mnrt=Yes",459,129,0.02
"957","84","143","M","Mnrt=Yes",436,75,-0.05
"958","84","143","F","Mnrt=Yes",430,84,-0.81
"959","84","143","M","Mnrt=Yes",418,85,-0.99
"960","84","161","F","Mnrt=Yes",392,108,-0.59
"961","84","161","M","Mnrt=Yes",484,28,-0.45
"962","84","161","M","Mnrt=Yes",418,88,-1.02
"963","84","161","F","Mnrt=Yes",427,96,-0.71
"964","85","66","M","Mnrt=No",520,29,0.33
"965","85","66","F","Mnrt=No",561,-13,1.72
"966","85","66","M","Mnrt=No",473,66,-0.38
"967","85","66","M","Mnrt=No",513,25,0.68
"968","85","66","M","Mnrt=No",517,44,0.96
"969","85","66","F","Mnrt=No",523,79,-0.11
"970","85","84","F","Mnrt=No",514,65,-0.74
"971","85","157","M","Mnrt=No",527,59,-0.11
"972","85","157","M","Mnrt=No",458,99,0.98
"973","85","157","F","Mnrt=No",516,13,0.15
"974","85","157","F","Mnrt=No",526,79,0.7
"975","85","186","M","Mnrt=No",510,-4,-1.21
"976","85","186","F","Mnrt=No",509,17,0.01
"977","85","186","F","Mnrt=No",502,55,-0.76
"978","85","186","M","Mnrt=No",496,-10,-0.64
"979","85","186","F","Mnrt=No",389,136,-0.18
"980","85","186","M","Mnrt=No",532,30,0.29
"981","85","196","F","Mnrt=No",547,133,0.28
"982","85","196","F","Mnrt=No",515,96,0.72
"983","85","196","M","Mnrt=No",448,58,0.12
"984","86","65","M","Mnrt=Yes",525,20,0.26
"985","86","132","M","Mnrt=Yes",431,-28,0.56
"986","86","132","M","Mnrt=Yes",453,63,-0.11
"987","86","132","F","Mnrt=Yes",465,41,-0.12
"988","86","275","M","Mnrt=Yes",446,52,1.27
"989","86","275","F","Mnrt=Yes",468,42,0.87
"990","86","275","M","Mnrt=Yes",441,51,-0.25
"991","87","21","M","Mnrt=Yes",477,67,-0.03
"992","87","21","M","Mnrt=Yes",486,42,-0.61
"993","87","21","M","Mnrt=Yes",499,35,-0.03
"994","87","21","M","Mnrt=Yes",471,52,-0.03
"995","87","72","F","Mnrt=Yes",531,17,-0.67
"996","87","72","F","Mnrt=Yes",494,57,-0.33
"997","87","72","M","Mnrt=Yes",497,63,-1.29
"998","87","106","M","Mnrt=Yes",537,2,-0.62
"999","87","106","F","Mnrt=Yes",482,46,0.51
"1000","87","187","F","Mnrt=Yes",446,77,-0.86
"1001","88","67","F","Mnrt=Yes",460,2,-1.48
"1002","88","67","F","Mnrt=Yes",488,40,-1.02
"1003","88","312","F","Mnrt=Yes",451,18,-0.03
"1004","88","312","M","Mnrt=Yes",421,52,0.6
"1005","88","312","F","Mnrt=Yes",374,69,0.66
"1006","88","312","F","Mnrt=Yes",428,51,-0.48
"1007","89","292","F","Mnrt=Yes",513,39,0.76
"1008","89","292","M","Mnrt=Yes",491,11,-0.25
"1009","89","292","F","Mnrt=Yes",427,80,-0.38
"1010","89","292","M","Mnrt=Yes",524,69,1.11
"1011","90","52","F","Mnrt=Yes",453,34,-0.24
"1012","90","52","M","Mnrt=Yes",506,-13,-0.13
"1013","90","238","M","Mnrt=Yes",424,130,0.01
"1014","91","15","F","Mnrt=Yes",495,34,0.64
"1015","91","45","F","Mnrt=Yes",454,32,0.18
"1016","91","45","F","Mnrt=Yes",462,39,0.5
"1017","91","45","M","Mnrt=Yes",517,30,0.42
"1018","91","45","M","Mnrt=Yes",448,39,2.02
"1019","91","45","M","Mnrt=Yes",489,-18,1
"1020","91","151","F","Mnrt=Yes",423,102,0.11
"1021","91","151","M","Mnrt=Yes",461,53,-0.06
"1022","91","231","M","Mnrt=Yes",435,42,-0.62
"1023","91","231","F","Mnrt=Yes",422,85,-0.03
"1024","91","231","F","Mnrt=Yes",473,70,-0.36
"1025","91","231","M","Mnrt=No",477,43,-0.3
"1026","91","231","M","Mnrt=No",536,46,1.08
"1027","91","231","F","Mnrt=Yes",429,54,1.12
"1028","91","231","F","Mnrt=Yes",424,66,0.7
"1029","91","231","M","Mnrt=Yes",446,58,-0.05
"1030","92","173","F","Mnrt=Yes",485,48,0.05
"1031","92","173","F","Mnrt=No",473,60,0.17
"1032","92","199","F","Mnrt=Yes",448,34,0.72
"1033","92","248","M","Mnrt=No",569,93,0.91
"1034","92","248","F","Mnrt=Yes",460,45,-0.14
"1035","92","248","M","Mnrt=Yes",433,67,0
"1036","92","248","F","Mnrt=Yes",438,75,-0.03
"1037","92","248","M","Mnrt=No",477,58,0.02
"1038","92","248","F","Mnrt=Yes",443,97,-0.14
"1039","93","123","F","Mnrt=No",483,63,0.65
"1040","93","123","M","Mnrt=No",476,31,0.54
"1041","93","123","M","Mnrt=No",542,58,0.11
"1042","93","123","F","Mnrt=No",495,37,0.36
"1043","93","123","M","Mnrt=No",492,54,1.28
"1044","93","123","M","Mnrt=Yes",502,30,0.08
"1045","93","123","F","Mnrt=No",524,34,0.41
"1046","93","123","F","Mnrt=Yes",465,51,-1.35
"1047","93","126","M","Mnrt=No",532,-6,-0.03
"1048","93","126","M","Mnrt=No",534,28,-0.03
"1049","93","126","F","Mnrt=No",468,43,0.62
"1050","93","126","M","Mnrt=No",489,14,0.02
"1051","93","126","M","Mnrt=No",482,48,0.41
"1052","93","126","M","Mnrt=Yes",493,28,0.67
"1053","93","182","F","Mnrt=No",460,72,0.69
"1054","93","182","F","Mnrt=Yes",480,51,0.08
"1055","93","182","F","Mnrt=Yes",499,78,0.02
"1056","93","182","F","Mnrt=No",531,59,0.42
"1057","93","182","M","Mnrt=No",509,34,0
"1058","93","194","F","Mnrt=No",517,42,0.01
"1059","93","194","F","Mnrt=No",532,30,-0.13
"1060","94","134","M","Mnrt=Yes",471,83,-0.08
"1061","94","134","F","Mnrt=Yes",464,92,0.44
"1062","94","134","F","Mnrt=Yes",485,97,0.13
"1063","94","134","M","Mnrt=Yes",470,125,0.55
"1064","94","224","M","Mnrt=Yes",430,58,0.12
"1065","94","224","M","Mnrt=Yes",478,44,0.33
"1066","94","224","F","Mnrt=Yes",459,42,-0.03
"1067","94","224","M","Mnrt=Yes",452,63,-0.87
"1068","94","224","F","Mnrt=Yes",500,74,-0.05
"1069","94","282","F","Mnrt=Yes",386,72,-0.25
"1070","94","282","M","Mnrt=Yes",367,112,0.23
"1071","94","306","F","Mnrt=Yes",426,109,-0.23
"1072","94","306","F","Mnrt=Yes",410,121,0.61
"1073","94","306","F","Mnrt=No",428,95,-0.25
"1074","94","306","F","Mnrt=Yes",476,51,-1.06
"1075","95","140","F","Mnrt=Yes",523,43,1.36
"1076","95","140","F","Mnrt=Yes",488,51,0.73
"1077","95","144","M","Mnrt=No",500,35,-0.33
"1078","95","144","F","Mnrt=Yes",290,203,-0.32
"1079","95","144","F","Mnrt=No",539,5,0.33
"1080","96","109","F","Mnrt=No",447,43,-0.45
"1081","96","109","M","Mnrt=Yes",427,70,-0.2
"1082","96","109","F","Mnrt=Yes",453,40,0.35
"1083","96","109","F","Mnrt=Yes",494,43,-0.45
"1084","96","185","F","Mnrt=Yes",501,12,0.32
"1085","96","237","M","Mnrt=Yes",463,53,0.15
"1086","96","237","F","Mnrt=Yes",459,52,-0.23
"1087","96","237","F","Mnrt=Yes",458,56,-0.65
"1088","97","75","F","Mnrt=Yes",441,85,0.04
"1089","97","75","M","Mnrt=Yes",421,108,-0.26
"1090","97","75","F","Mnrt=Yes",498,98,0.5
"1091","97","75","M","Mnrt=No",456,16,-1.09
"1092","97","75","M","Mnrt=No",551,8,0.46
"1093","97","75","M","Mnrt=No",458,80,0.94
"1094","98","221","F","Mnrt=Yes",461,37,0.89
"1095","98","221","M","Mnrt=Yes",398,61,-0.65
"1096","99","205","F","Mnrt=Yes",390,89,-0.42
"1097","99","205","M","Mnrt=Yes",463,72,-0.81
"1098","99","205","M","Mnrt=Yes",479,78,-0.52
"1099","99","205","M","Mnrt=Yes",505,45,-0.53
"1100","99","205","F","Mnrt=Yes",440,49,0.18
"1101","99","205","M","Mnrt=Yes",523,20,-0.03
"1102","99","205","F","Mnrt=No",448,43,-0.15
"1103","99","205","F","Mnrt=Yes",507,14,0.44
"1104","99","205","F","Mnrt=Yes",413,89,-0.43
"1105","99","214","F","Mnrt=Yes",385,24,-0.73
"1106","99","226","F","Mnrt=Yes",448,45,-0.03
"1107","99","226","M","Mnrt=Yes",449,72,-0.03
"1108","99","236","M","Mnrt=Yes",428,114,-0.87
"1109","99","236","M","Mnrt=Yes",431,47,-0.15
"1110","99","266","F","Mnrt=Yes",419,53,-0.79
"1111","99","266","M","Mnrt=Yes",452,17,-0.81
"1112","99","266","M","Mnrt=Yes",472,51,-0.31
"1113","99","266","F","Mnrt=Yes",474,41,-0.27
"1114","99","266","M","Mnrt=Yes",470,24,-0.49
"1115","100","74","M","Mnrt=Yes",456,10,-0.93
"1116","100","99","F","Mnrt=Yes",438,58,0.72
"1117","100","135","M","Mnrt=Yes",461,80,-0.39
"1118","100","135","F","Mnrt=Yes",481,77,-0.11
"1119","100","135","F","Mnrt=Yes",454,116,0.03
"1120","100","135","F","Mnrt=Yes",499,82,-0.03
"1121","100","135","F","Mnrt=Yes",513,28,-0.36
"1122","100","135","M","Mnrt=Yes",488,51,-0.83
"1123","100","135","F","Mnrt=Yes",456,69,-0.03
"1124","100","281","F","Mnrt=Yes",476,41,-1.19
"1125","100","281","F","Mnrt=Yes",483,86,-0.35
"1126","100","281","M","Mnrt=Yes",504,35,1.37
"1127","100","281","F","Mnrt=Yes",488,69,-0.9
"1128","101","68","M","Mnrt=No",440,13,-0.93
"1129","101","68","F","Mnrt=Yes",479,49,0.77
"1130","101","68","M","Mnrt=Yes",494,87,-0.34
"1131","101","68","M","Mnrt=No",532,0,0.34
"1132","101","138","M","Mnrt=No",490,91,-0.64
"1133","101","138","M","Mnrt=Yes",440,74,-0.03
"1134","101","138","M","Mnrt=Yes",370,69,-0.63
"1135","101","138","F","Mnrt=Yes",434,69,0.27
"1136","101","138","F","Mnrt=No",429,88,-0.36
"1137","101","215","M","Mnrt=Yes",483,38,0.94
"1138","101","215","F","Mnrt=No",486,20,-0.17
"1139","101","273","M","Mnrt=Yes",411,87,-0.42
"1140","101","273","M","Mnrt=No",504,43,0.74
"1141","101","273","M","Mnrt=Yes",484,74,0
"1142","101","273","F","Mnrt=Yes",372,118,0.18
"1143","101","273","M","Mnrt=No",458,105,-0.2
"1144","102","44","F","Mnrt=Yes",490,3,1.32
"1145","102","44","M","Mnrt=Yes",496,25,-1.19
"1146","102","44","M","Mnrt=Yes",376,11,0.62
"1147","102","44","F","Mnrt=Yes",490,54,-1.05
"1148","102","44","F","Mnrt=Yes",462,75,-0.62
"1149","102","44","M","Mnrt=Yes",412,55,0.7
"1150","102","241","F","Mnrt=Yes",406,129,-0.49
"1151","102","241","M","Mnrt=Yes",488,87,-0.34
"1152","102","241","F","Mnrt=Yes",437,37,-0.17
"1153","102","241","F","Mnrt=Yes",465,54,-0.72
"1154","102","241","M","Mnrt=Yes",462,58,-0.18
"1155","103","37","M","Mnrt=Yes",455,71,0.29
"1156","103","193","M","Mnrt=Yes",431,107,-0.03
"1157","103","193","M","Mnrt=Yes",458,55,1.81
"1158","103","247","M","Mnrt=Yes",290,191,-0.52
"1159","103","247","M","Mnrt=Yes",474,87,0.22
"1160","103","247","F","Mnrt=Yes",453,95,0.18
"1161","103","247","M","Mnrt=Yes",436,116,0.84
"1162","103","247","F","Mnrt=Yes",421,77,0.95
"1163","104","60","M","Mnrt=No",502,85,1.82
"1164","104","60","M","Mnrt=Yes",423,51,-0.28
"1165","104","60","F","Mnrt=No",451,61,-1.03
"1166","104","129","M","Mnrt=No",403,138,0.98
"1167","104","129","F","Mnrt=Yes",477,95,-0.03
"1168","104","129","F","Mnrt=Yes",410,96,-0.49
"1169","105","33","F","Mnrt=No",405,95,0.49
"1170","105","33","M","Mnrt=Yes",449,32,1.73
"1171","105","33","M","Mnrt=Yes",446,17,-0.26
"1172","105","33","M","Mnrt=No",432,105,0.23
"1173","105","200","F","Mnrt=No",461,73,2.33
"1174","105","200","F","Mnrt=No",523,51,-0.69
"1175","105","200","M","Mnrt=Yes",448,71,-0.13
"1176","105","200","M","Mnrt=No",506,70,-0.03
"1177","105","200","F","Mnrt=No",452,67,0.03
"1178","105","200","F","Mnrt=No",478,33,0.33
"1179","106","62","M","Mnrt=Yes",547,-4,-0.21
"1180","106","62","M","Mnrt=Yes",506,23,-0.6
"1181","107","96","F","Mnrt=Yes",421,38,-1.52
"1182","107","96","F","Mnrt=No",448,57,0.4
"1183","107","96","F","Mnrt=No",521,30,2.04
"1184","107","96","F","Mnrt=No",443,85,0.98
"1185","107","96","F","Mnrt=No",422,56,-0.24
"1186","107","96","F","Mnrt=No",502,47,0.16
"1187","107","96","F","Mnrt=No",474,19,-1.02
"1188","107","96","M","Mnrt=No",485,37,1.3
"1189","107","239","M","Mnrt=No",473,44,-0.03
"1190","107","239","F","Mnrt=No",453,69,-0.37
